xrange,canard,canard_plus_axial
0.0,0.906,0.906
0.1,0.915,0.915
0.2,0.915,0.916
0.3,0.913,0.919
0.4,0.901,0.914
0.5,0.887,0.917
0.6,0.865,0.923
0.7,0.805,0.9390000000000001
0.8,0.69,0.939
0.9,0.486,0.8979999999999999
